{
  "polygon_early_day_gap_segmenter_parallel": {
    "open": {
      "count": 966737.0,
      "mean": 18.81058142973425,
      "std": 54.244419757563314,
      "min": 0.116,
      "25%": 1.5,
      "50%": 3.46,
      "75%": 11.03,
      "max": 481.64
    },
    "close": {
      "count": 966737.0,
      "mean": 18.811667444840737,
      "std": 54.24543756153701,
      "min": 0.116,
      "25%": 1.5,
      "50%": 3.46,
      "75%": 11.03,
      "max": 481.67
    },
    "low": {
      "count": 966737.0,
      "mean": 18.7666569654601,
      "std": 54.20994252473441,
      "min": 0.116,
      "25%": 1.4816,
      "50%": 3.43,
      "75%": 10.98,
      "max": 481.5081
    },
    "high": {
      "count": 966737.0,
      "mean": 18.854754670563967,
      "std": 54.28007964785252,
      "min": 0.116,
      "25%": 1.51,
      "50%": 3.49,
      "75%": 11.1,
      "max": 481.76
    },
    "volume": {
      "count": 966737.0,
      "mean": 81846.77290824702,
      "std": 264522.341544242,
      "min": 4.0,
      "25%": 2752.0,
      "50%": 15371.0,
      "75%": 63172.0,
      "max": 29824372.0
    }
  },
  "gaped_up_stocks_early_volume_1e5_gap_10": {
    "open": {
      "count": 568578.0,
      "mean": 23.189941013458135,
      "std": 72.13905790606191,
      "min": 0.0239,
      "25%": 2.6,
      "50%": 7.311,
      "75%": 19.28,
      "max": 1793.48
    },
    "close": {
      "count": 568578.0,
      "mean": 23.19057120852373,
      "std": 72.13695488205424,
      "min": 0.0239,
      "25%": 2.6,
      "50%": 7.310499999999999,
      "75%": 19.28,
      "max": 1790.0
    },
    "low": {
      "count": 568578.0,
      "mean": 23.14297218446721,
      "std": 72.01181446116878,
      "min": 0.023,
      "25%": 2.585,
      "50%": 7.29,
      "75%": 19.225,
      "max": 1772.98
    },
    "high": {
      "count": 568578.0,
      "mean": 23.236982055320464,
      "std": 72.25917018005507,
      "min": 0.0239,
      "25%": 2.615,
      "50%": 7.345,
      "75%": 19.34,
      "max": 1793.48
    },
    "volume": {
      "count": 568578.0,
      "mean": 5236.079151848999,
      "std": 17451.76183378195,
      "min": 100.0,
      "25%": 600.0,
      "50%": 1700.0,
      "75%": 4600.0,
      "max": 3064710.0
    }
  }
}