{
  "polygon_early_day_gap_segmenter_parallel": {
    "open": {
      "count": 966737.0,
      "mean": 18.81058142973425,
      "std": 54.244419757563314,
      "min": 0.116,
      "25%": 1.5,
      "50%": 3.46,
      "75%": 11.03,
      "max": 481.64
    },
    "close": {
      "count": 966737.0,
      "mean": 18.811667444840737,
      "std": 54.24543756153701,
      "min": 0.116,
      "25%": 1.5,
      "50%": 3.46,
      "75%": 11.03,
      "max": 481.67
    },
    "low": {
      "count": 966737.0,
      "mean": 18.7666569654601,
      "std": 54.20994252473441,
      "min": 0.116,
      "25%": 1.4816,
      "50%": 3.43,
      "75%": 10.98,
      "max": 481.5081
    },
    "high": {
      "count": 966737.0,
      "mean": 18.854754670563967,
      "std": 54.28007964785252,
      "min": 0.116,
      "25%": 1.51,
      "50%": 3.49,
      "75%": 11.1,
      "max": 481.76
    },
    "volume": {
      "count": 966737.0,
      "mean": 81846.77290824702,
      "std": 264522.341544242,
      "min": 4.0,
      "25%": 2752.0,
      "50%": 15371.0,
      "75%": 63172.0,
      "max": 29824372.0
    }
  },
  "gaped_up_stocks_early_volume_1e5_gap_10": {
    "open": {
      "count": 568578.0,
      "mean": 23.189941013458135,
      "std": 72.13905790606191,
      "min": 0.0239,
      "25%": 2.6,
      "50%": 7.311,
      "75%": 19.28,
      "max": 1793.48
    },
    "close": {
      "count": 568578.0,
      "mean": 23.19057120852373,
      "std": 72.13695488205424,
      "min": 0.0239,
      "25%": 2.6,
      "50%": 7.310499999999999,
      "75%": 19.28,
      "max": 1790.0
    },
    "low": {
      "count": 568578.0,
      "mean": 23.14297218446721,
      "std": 72.01181446116878,
      "min": 0.023,
      "25%": 2.585,
      "50%": 7.29,
      "75%": 19.225,
      "max": 1772.98
    },
    "high": {
      "count": 568578.0,
      "mean": 23.236982055320464,
      "std": 72.25917018005507,
      "min": 0.0239,
      "25%": 2.615,
      "50%": 7.345,
      "75%": 19.34,
      "max": 1793.48
    },
    "volume": {
      "count": 568578.0,
      "mean": 5236.079151848999,
      "std": 17451.76183378195,
      "min": 100.0,
      "25%": 600.0,
      "50%": 1700.0,
      "75%": 4600.0,
      "max": 3064710.0
    }
  },
  "sniper_training_data_3": {
    "open": {
      "count": 6758557.0,
      "mean": 5.1264318093459895,
      "std": 6.841041380929935,
      "min": 0.1282,
      "25%": 1.315,
      "50%": 2.74,
      "75%": 6.2623,
      "max": 116.5
    },
    "close": {
      "count": 6758557.0,
      "mean": 5.132694775818862,
      "std": 6.850491541027102,
      "min": 0.129,
      "25%": 1.3199,
      "50%": 2.75,
      "75%": 6.275,
      "max": 116.0
    },
    "low": {
      "count": 6758557.0,
      "mean": 5.0423429502198545,
      "std": 6.726661942132099,
      "min": 0.1282,
      "25%": 1.3,
      "50%": 2.7,
      "75%": 6.17,
      "max": 115.0
    },
    "high": {
      "count": 6758557.0,
      "mean": 5.214724283176273,
      "std": 6.961679153063721,
      "min": 0.1305,
      "25%": 1.33,
      "50%": 2.78,
      "75%": 6.38,
      "max": 117.0
    },
    "volume": {
      "count": 6758557.0,
      "mean": 154210.32460020683,
      "std": 367777.2096453191,
      "min": 4.0,
      "25%": 7145.0,
      "50%": 34056.0,
      "75%": 134165.0,
      "max": 20834502.0
    },
    "label": {
      "count": 6758557.0,
      "mean": 0.4071410509669446,
      "std": 0.49130158894389275,
      "min": 0.0,
      "25%": 0.0,
      "50%": 0.0,
      "75%": 1.0,
      "max": 1.0
    }
  }
}